{
  "val": {
    "suicide": {
      "accuracy": 0.9621591257277091,
      "precision": 0.9502624788682267,
      "recall": 0.9204516073429285,
      "f1": 0.9351195166798004,
      "auroc": 0.9911961834062357
    },
    "toxicity": {
      "accuracy": 0.9725513226432438,
      "precision": 0.8391089108910891,
      "recall": 0.4177449168207024,
      "f1": 0.5577951460304401,
      "auroc": 0.9636251385074275
    },
    "avg_f1": 0.7464573313551203
  },
  "test": {
    "suicide": {
      "accuracy": 0.9617770968977404,
      "precision": 0.9516489409241219,
      "recall": 0.917614615649776,
      "f1": 0.9343219409467819,
      "auroc": 0.9911028072592473
    },
    "toxicity": {
      "accuracy": 0.9729860845142346,
      "precision": 0.8381294964028777,
      "recall": 0.4309494451294698,
      "f1": 0.5692182410423453,
      "auroc": 0.9620517507372475
    },
    "avg_f1": 0.7517700909945636
  }
}